{
  "pagination": {
    "GetCurrentMetricData": {
      "input_token": "NextToken",
      "limit_key": "MaxResults",
      "output_token": "NextToken"
    },
    "GetMetricData": {
      "input_token": "NextToken",
      "limit_key": "MaxResults",
      "output_token": "NextToken"
    },
    "ListContactFlows": {
      "input_token": "NextToken",
      "limit_key": "MaxResults",
      "output_token": "NextToken",
      "result_key": "ContactFlowSummaryList"
    },
    "ListHoursOfOperations": {
      "input_token": "NextToken",
      "limit_key": "MaxResults",
      "output_token": "NextToken",
      "result_key": "HoursOfOperationSummaryList"
    },
    "ListPhoneNumbers": {
      "input_token": "NextToken",
      "limit_key": "MaxResults",
      "output_token": "NextToken",
      "result_key": "PhoneNumberSummaryList"
    },
    "ListQueues": {
      "input_token": "NextToken",
      "limit_key": "MaxResults",
      "output_token": "NextToken",
      "result_key": "QueueSummaryList"
    },
    "ListRoutingProfiles": {
      "input_token": "NextToken",
      "limit_key": "MaxResults",
      "output_token": "NextToken",
      "result_key": "RoutingProfileSummaryList"
    },
    "ListSecurityProfiles": {
      "input_token": "NextToken",
      "limit_key": "MaxResults",
      "output_token": "NextToken",
      "result_key": "SecurityProfileSummaryList"
    },
    "ListUserHierarchyGroups": {
      "input_token": "NextToken",
      "limit_key": "MaxResults",
      "output_token": "NextToken",
      "result_key": "UserHierarchyGroupSummaryList"
    },
    "ListUsers": {
      "input_token": "NextToken",
      "limit_key": "MaxResults",
      "output_token": "NextToken",
      "result_key": "UserSummaryList"
    }
  }
}